Site_ID,SMU,Pop,Latitude,Longitude,SiteLength,SiteWidth,SurfaceArea,Max_Depth,Ave_Max_D,Gradient,Elev,NLCD_Cat,Canopy,Herbaceous,Ann_Herb,BASS_LM,BASS_UNID,BR_BULLHE,CHISELMO,DACE_CR,DACE_LN,DACE_SP,DACE_UNID,LAMP_AMMO,LAMP_GL,LAMP_PK,LAMP_UNID,MINN_FATH,MINN_PROA,MINN_TUIC,MINN_UNID,PERC_YELL,SCULP_MO,SCULP_PI,SCULP_UNID,SHINER_GO,SHINER_RS,SUCKER_BL,SUCKER_GL,SUCKER_LS,SUCKER_MO,SUCKER_UNID,SUCKER_WA,SUNFISH,TROUT_BR,TROUT_RB,TROUT_UNID,WHITFISH
Rock-003,Catlow,Rock,42.47919676,-119.7061746,40,1,40,0.45,0.29,0.055,1915,Shrub-Scrub,0,29.02,4.34,0,0,0,0,0,0,0,0,0,0,0,0,0,0,0,0,0,0,0,0,0,0,0,0,0,0,0,0,0,0,82,0,0
Rock-005,Catlow,Rock,42.54835859,-119.6544678,45,1,45,0.31,0.29,0.013,1708,Shrub-Scrub,0,8.72,7.7,0,0,0,0,0,0,0,0,0,0,0,0,0,0,15,0,0,0,0,0,0,0,0,0,0,0,0,0,0,0,66,0,0
Rock-007,Catlow,Rock,42.49832123,-119.6890627,30,1,30,0.2,0.13,0.022,1812,Wetlands-Woody,2.9,51.25,4.71,0,0,0,0,0,0,0,0,0,0,0,0,0,0,0,0,0,0,0,0,0,0,0,0,0,0,0,0,0,0,100,0,0
Rock-009,Catlow,Rock,42.55494658,-119.6491809,30,1,30,0.32,0.22,0.004,1700,Shrub-Scrub,0,25.27,10.84,0,0,0,0,0,0,0,0,0,0,0,0,0,0,0,0,0,0,0,0,0,0,0,0,0,0,0,0,0,0,11,0,0
Rock-010,Catlow,Rock,42.50805211,-119.6915125,30,1,30,1.2,0.45,0.02,1791,Forest-Evergreen,21.31,19.25,0,0,0,0,0,0,0,0,0,0,0,0,0,0,0,0,0,0,0,0,0,0,0,0,0,0,0,0,0,0,0,237,0,0
Rock-011,Catlow,Rock,42.49384534,-119.6944438,30,1,30,0.8,0.16,0.03,1831,Shrub-Scrub,13.03,22.4,1.21,0,0,0,0,0,0,0,0,0,0,0,0,0,0,0,0,0,0,0,0,0,0,0,0,0,0,0,0,0,0,38,0,0
Rock-014,Catlow,Rock,42.52081932,-119.688141,38,1,38,1.1,0.2,0.016,1771,Shrub-Scrub,3.03,18.3,0,0,0,0,0,0,0,0,0,0,0,0,0,0,0,0,0,0,0,0,0,0,0,0,0,0,0,0,0,0,0,349,0,0
Chewaucan-0001,Chewaucan,Chewaucan,42.46453354,-120.5079939,30,0.27,8,0.08,0.06,0.171,1830,Forest-Evergreen,39.18,NA,NA,0,0,0,0,0,0,0,0,0,0,0,0,0,0,0,0,0,0,0,0,0,0,0,0,0,0,0,0,0,0,0,0,0
Chewaucan-0002,Chewaucan,Chewaucan,42.66952927,-120.5872594,108,12,1296,0.7,0.52,0.016,1386,Shrub-Scrub,11.1,NA,NA,0,0,0,0,0,0,54,0,0,0,0,0,0,0,0,0,0,0,0,0,0,0,0,0,0,0,0,0,0,0,180,0,0
Chewaucan-0004,Chewaucan,Chewaucan,42.48960926,-120.7106092,NA,NA,NA,NA,NA,0.026,1752,Shrub-Scrub,36.31,NA,NA,0,0,0,0,0,0,0,0,0,0,0,0,0,0,0,0,0,0,0,0,0,0,0,0,0,0,0,0,0,0,2,0,0
Chewaucan-0005,Chewaucan,Chewaucan,42.47328525,-120.623621,100,4,400,1,0.52,0,1577,Wetlands-Emergent,20.82,NA,NA,0,0,0,0,0,0,16,0,0,0,0,0,0,0,0,0,0,0,0,0,0,0,0,0,0,0,0,0,0,0,0,0,0
Chewaucan-0006,Chewaucan,Chewaucan,42.55166104,-120.6667237,80,3,240,0.48,0.37,0.073,1610,Forest-Evergreen,48.22,NA,NA,0,0,0,0,0,0,0,0,0,0,0,0,0,0,0,0,0,0,0,0,0,0,0,0,0,0,0,0,0,0,72,0,0
Chewaucan-0007,Chewaucan,Chewaucan,42.58809356,-120.7775316,30,1,30,0.2,0.17,0.02,2072,Forest-Evergreen,24.86,NA,NA,0,0,0,0,0,0,0,0,0,0,0,0,0,0,0,0,0,0,0,0,0,0,0,0,0,0,0,0,0,0,5,0,0
Chewaucan-0008,Chewaucan,Chewaucan,42.4219075,-120.6890823,30,1,30,0.35,0.22,0.071,1707,Forest-Evergreen,46.92,NA,NA,0,0,0,0,0,0,0,0,0,0,0,0,0,0,0,0,0,0,0,0,0,0,0,0,0,0,0,0,0,17,20,0,0
Chewaucan-0010,Chewaucan,Chewaucan,42.60504152,-120.7329837,NA,NA,NA,NA,NA,0.013,1986,Forest-Evergreen,39.37,NA,NA,0,0,0,0,0,0,0,0,0,0,0,0,0,0,0,0,0,0,0,0,0,0,0,0,0,0,0,0,0,0,23,0,0
Chewaucan-0011,Chewaucan,Chewaucan,42.50416328,-120.7016926,94,3,282,0.45,0.36,0.051,1761,Shrub-Scrub,34.4,NA,NA,0,0,0,0,0,0,0,0,0,0,0,0,0,0,0,0,0,0,0,0,0,0,0,0,0,0,0,0,0,14,3,0,0
Chewaucan-0012,Chewaucan,Chewaucan,42.43941744,-120.6089509,105,4,420,1.1,0.5,0.003,1570,Shrub-Scrub,0,36,8.54,0,0,0,0,0,0,36,0,0,0,0,0,0,0,0,0,0,0,0,0,0,0,0,0,0,0,0,0,0,0,2,0,0
Chewaucan-0013,Chewaucan,Chewaucan,42.61443616,-120.6264394,92,4,368,0.75,0.4,0.044,1603,Forest-Evergreen,40.76,NA,NA,0,0,0,0,0,0,0,0,0,0,0,0,0,0,0,0,0,0,0,0,0,0,0,0,0,0,0,0,0,0,134,0,0
Chewaucan-0014,Chewaucan,Chewaucan,42.50410597,-120.7968552,60,2,120,0.5,0.26,0.09,1911,Forest-Evergreen,47.7,NA,NA,0,0,0,0,0,0,0,0,0,0,0,0,0,0,0,0,0,0,0,0,0,0,0,0,0,0,0,0,0,11,0,0,0
Chewaucan-0015,Chewaucan,Chewaucan,42.48721847,-120.6450914,107,4,428,0.85,0.52,0.006,1591,Shrub-Scrub,0,57.2,0,0,0,0,0,0,0,31,0,0,0,0,0,0,0,0,0,0,0,0,0,0,0,0,0,0,0,0,0,0,1,14,0,0
Chewaucan-0016,Chewaucan,Chewaucan,42.40544524,-120.5210404,30,1,30,0.5,0.21,0.03,1935,Wetlands-Woody,12.88,NA,NA,0,0,0,0,0,0,0,0,0,0,0,0,0,0,0,0,0,0,0,0,0,0,0,0,0,0,0,0,0,0,4,0,0
Chewaucan-0017,Chewaucan,Chewaucan,42.45982627,-120.5824886,75,10,750,0.87,0.68,0.001,1558,Forest-Evergreen,41.28,NA,NA,0,0,0,0,0,0,16,0,0,0,0,0,0,0,0,0,0,0,0,0,0,0,0,0,0,0,0,0,0,0,24,0,0
Chewaucan-0018,Chewaucan,Chewaucan,42.64319,-120.7078011,80,3,240,0.45,0.31,0.048,2041,Forest-Evergreen,63.44,NA,NA,0,0,0,0,0,0,0,0,0,0,0,0,0,0,0,0,0,0,0,0,0,0,0,0,0,0,0,0,0,0,53,0,0
Chewaucan-0019,Chewaucan,Chewaucan,42.50547964,-120.8145032,100,3,300,0.7,0.56,0.012,1930,Forest-Evergreen,35.56,NA,NA,0,0,0,0,0,0,0,0,0,0,0,0,0,0,0,0,0,0,0,0,0,0,0,0,0,0,0,0,0,21,3,0,0
Chewaucan-0020,Chewaucan,Chewaucan,42.39529779,-120.7012245,30,0.27,8,0.33,0.26,0.02,1910,Forest-Evergreen,39.78,NA,NA,0,0,0,0,0,0,0,0,0,0,0,0,0,0,0,0,0,0,0,0,0,0,0,0,0,0,0,0,0,0,0,0,0
Chewaucan-0021,Chewaucan,Chewaucan,42.5351558,-120.5859639,100,11,1100,0.51,0.36,0.002,1505,Wetlands-Woody,0,NA,NA,0,0,0,0,0,0,17,0,0,0,0,0,0,0,0,0,0,0,0,0,0,0,0,0,0,0,0,0,0,0,0,0,0
Chewaucan-0022,Chewaucan,Chewaucan,42.55422434,-120.6349599,30,1,30,0.47,0.39,0.01,1532,Forest-Evergreen,29.03,NA,NA,0,0,0,0,0,0,23,0,0,0,0,0,0,0,0,0,0,0,0,0,0,0,0,0,0,0,0,0,0,0,2,0,0
Chewaucan-0023,Chewaucan,Chewaucan,42.53363649,-120.6815438,80,6,480,0.65,0.39,0.014,1690,Forest-Evergreen,42.57,NA,NA,0,0,0,0,0,0,0,0,0,0,0,0,0,0,0,0,0,0,0,0,0,0,0,0,0,0,0,0,0,17,29,0,0
Chewaucan-0024,Chewaucan,Chewaucan,42.3996354,-120.6544218,90,3,270,0.65,0.5,0.001,1603,Forest-Evergreen,45.9,NA,NA,0,0,0,0,0,0,16,0,0,0,0,0,0,0,0,0,0,0,0,0,0,0,0,0,0,0,0,0,0,0,2,0,0
Chewaucan-0026,Chewaucan,Chewaucan,42.60041273,-120.7000093,30,1,30,0.21,0.15,0.038,2049,Forest-Evergreen,22.42,NA,NA,0,0,0,0,0,0,0,0,0,0,0,0,0,0,0,0,0,0,0,0,0,0,0,0,0,0,0,0,0,0,0,0,0
Chewaucan-0027,Chewaucan,Chewaucan,42.49517796,-120.691934,45,2,90,0.54,0.35,0.02,1722,Shrub-Scrub,37,NA,NA,0,0,0,0,0,0,0,0,0,0,0,0,0,0,0,0,0,0,0,0,0,0,0,0,0,0,0,0,0,30,9,0,0
Chewaucan-0029,Chewaucan,Chewaucan,42.59596056,-120.5984988,100,16,1600,0.67,0.37,0.004,1471,Shrub-Scrub,15.66,NA,NA,0,0,0,0,0,0,56,0,0,0,0,0,0,0,0,0,0,0,0,0,0,0,0,0,0,0,0,0,0,0,5,0,0
Chewaucan-0030,Chewaucan,Chewaucan,42.50285181,-120.7967289,106,4,424,0.75,0.51,0.032,1900,Forest-Evergreen,51.47,NA,NA,0,0,0,0,0,0,0,0,0,0,0,0,0,0,0,0,0,0,0,0,0,0,0,0,0,0,0,0,0,34,9,0,0
Crooked-002,Chewaucan,Crooked,42.33416948,-120.2372223,58,2,116,0.5,0.4,0.063,1667,Forest-Evergreen,44.58,NA,NA,0,0,0,0,0,0,0,0,0,0,0,0,0,0,0,0,0,0,0,0,0,0,0,0,0,0,0,0,0,0,45,0,0
Crooked-004,Chewaucan,Crooked,42.35594345,-120.2593244,32,1,32,0.45,0.28,0.081,1699,Forest-Evergreen,51.58,NA,NA,0,0,0,0,0,0,0,0,0,0,0,0,0,0,0,0,0,0,0,0,0,0,0,0,0,0,0,0,0,0,34,0,0
Crooked-005,Chewaucan,Crooked,42.39419841,-120.2942269,90,4,360,1.5,0.77,0.004,1373,Forest-Evergreen,28.86,NA,NA,0,0,0,0,0,0,18,0,0,0,0,0,0,0,0,0,0,0,0,0,0,0,0,0,0,0,0,0,0,0,5,0,0
Crooked-012,Chewaucan,Crooked,42.32868035,-120.2032391,45,2,90,0.45,0.33,0.107,1885,Forest-Evergreen,59.15,NA,NA,0,0,0,0,0,0,0,0,0,0,0,0,0,0,0,0,0,0,0,0,0,0,0,0,0,0,0,0,0,0,17,0,0
Willow-008,Chewaucan,Willow,42.41923141,-120.3762445,30,1,30,0.3,0.22,0.117,1545,Forest-Evergreen,41.76,NA,NA,0,0,0,0,0,0,0,0,0,0,0,0,0,0,0,0,0,0,0,0,0,0,0,0,0,0,0,0,0,0,0,0,0
Willow-009,Chewaucan,Willow,42.43537053,-120.3849924,30,1,30,0.27,0.25,0.018,1437,Forest-Evergreen,34.15,NA,NA,0,0,0,0,0,0,20,0,0,0,0,0,0,0,0,0,0,0,0,0,0,0,0,0,0,0,0,0,0,0,13,0,0
Willow-012,Chewaucan,Willow,42.41632253,-120.3939879,30,1,30,0.37,0.32,0.038,1577,Forest-Evergreen,37.79,NA,NA,0,0,0,0,0,0,50,0,0,0,0,0,0,0,0,0,0,0,0,0,0,0,0,0,0,0,0,0,0,0,3,0,0
Bridge-002,FortRock,Bridge,42.99862974,-121.2257385,45,2,90,0.35,0.26,0.035,1651,Forest-Evergreen,26.89,NA,NA,0,0,0,0,0,0,0,0,0,0,0,0,0,0,0,0,0,0,0,0,0,0,0,0,0,0,0,0,0,0,70,0,0
Bridge-004,FortRock,Bridge,43.11856315,-121.0920186,33,1,33,0.45,0.31,0.013,1344,Shrub-Scrub,0,8.86,0,0,0,0,0,0,0,24,0,0,0,0,0,0,0,0,0,0,0,0,0,0,0,0,0,0,0,0,0,0,0,22,0,0
Bridge-005,FortRock,Bridge,42.97685359,-121.2756403,70,2,140,0.74,0.55,0.027,2046,Forest-Evergreen,49.62,NA,NA,0,0,0,0,0,0,0,0,0,0,0,0,0,0,0,0,0,0,0,0,0,0,0,0,0,0,0,0,0,0,29,0,0
Bridge-006,FortRock,Bridge,43.01522781,-121.2010861,70,3,210,0.4,0.33,0.025,1560,Forest-Evergreen,38.49,NA,NA,0,0,0,0,0,0,0,0,0,0,0,0,0,0,0,0,0,0,0,0,0,0,0,0,0,0,0,0,0,0,77,0,0
Bridge-009,FortRock,Bridge,42.99746787,-121.2274649,45,2,90,0.3,0.22,0.031,1657,Forest-Evergreen,57.6,NA,NA,0,0,0,0,0,0,0,0,0,0,0,0,0,0,0,0,0,0,0,0,0,0,0,0,0,0,0,0,0,0,45,0,0
Bridge-010,FortRock,Bridge,43.0267109,-121.1994988,86,2,172,0.48,0.36,0.019,1532,Forest-Evergreen,36.09,NA,NA,0,0,0,0,0,0,0,0,0,0,0,0,0,0,0,0,0,0,0,0,0,0,0,0,0,0,0,0,0,0,80,0,0
Buck-002,FortRock,Buck,43.13357773,-121.1503706,75,5,375,1,0.71,0.003,1365,Shrub-Scrub,0,22.93,9.04,0,0,0,0,0,0,55,0,0,0,0,0,0,0,1,0,0,0,0,0,0,0,0,0,0,0,0,0,0,21,19,0,0
Buck-003,FortRock,Buck,43.00552903,-121.3054504,95,4,380,0.73,0.51,0.034,1725,Forest-Evergreen,58.27,NA,NA,0,0,0,0,0,0,0,0,0,0,0,0,0,0,0,0,0,0,0,0,0,0,0,0,0,0,0,0,0,20,31,0,0
Buck-004,FortRock,Buck,43.05529998,-121.2617411,110,4,440,0.55,0.39,0.02,1531,Forest-Evergreen,31.78,NA,NA,0,0,0,0,0,0,0,0,0,0,0,0,0,0,0,0,0,0,0,0,0,0,0,0,0,0,0,0,0,17,49,0,0
Buck-005,FortRock,Buck,43.13871245,-121.1124672,90,5,450,0.73,0.59,0.009,1336,Shrub-Scrub,0,7.81,0,0,0,0,0,0,0,40,0,0,0,0,0,0,0,0,0,0,0,0,0,0,0,0,0,0,0,0,0,0,4,96,0,0
Buck-006,FortRock,Buck,43.13628181,-121.1449774,60,3,180,0.7,0.58,0.005,1363,Wetlands-Emergent,0,44.89,18.38,0,0,0,0,0,0,14,0,0,0,0,0,0,0,0,0,0,0,0,0,0,0,0,0,0,0,0,0,0,22,12,0,0
Buck-007,FortRock,Buck,43.0768603,-121.2267375,100,4,400,0.6,0.43,0.02,1462,Shrub-Scrub,10.03,11.46,0.64,0,0,0,0,0,0,0,0,0,0,0,0,0,0,0,0,0,0,0,0,0,0,0,0,0,0,0,0,0,18,55,0,0
Buck-009,FortRock,Buck,43.14050111,-121.1331191,104,4,416,1.2,0.6,0.001,1357,Shrub-Scrub,8.02,8.84,0,0,0,0,0,0,0,18,0,0,0,0,0,0,0,0,0,0,0,0,0,0,0,0,0,0,0,0,0,0,24,90,0,0
Buck-011,FortRock,Buck,43.06062997,-121.2504645,80,4,320,0.5,0.33,0.016,1509,Forest-Evergreen,26.91,NA,NA,0,0,0,0,0,0,0,0,0,0,0,0,0,0,0,0,0,0,0,0,0,0,0,0,0,0,0,0,0,45,34,0,0
Buck-014,FortRock,Buck,43.02305856,-121.3016177,100,4,400,0.72,0.47,0.028,1663,Forest-Evergreen,60.93,NA,NA,0,0,0,0,0,0,0,0,0,0,0,0,0,0,0,0,0,0,0,0,0,0,0,0,0,0,0,0,0,36,33,0,0
SilverFR-002,FortRock,SilverFR,43.03822658,-121.0862489,96,7,672,0.65,0.48,0.007,1383,Forest-Evergreen,10.93,NA,NA,0,4,2,0,0,0,33,0,0,0,0,0,0,0,0,0,0,0,0,0,0,0,0,0,0,0,0,0,0,0,11,0,0
SilverFR-004,FortRock,SilverFR,42.98851804,-121.154617,63,2,126,0.45,0.34,0.038,1521,Herbaceous-Grassland,47.76,NA,NA,0,0,0,0,0,0,54,0,0,0,0,0,0,0,0,0,0,0,0,0,0,0,0,0,0,0,0,0,0,28,3,0,0
SilverFR-005,FortRock,SilverFR,43.12905303,-121.0466473,50,1,50,0.3,0.22,0,1323,Crops-Cultivated,0,NA,NA,0,0,0,0,0,0,39,0,0,0,0,0,0,0,1,0,0,0,0,0,0,0,0,0,0,0,0,0,0,0,0,0,0
SilverFR-007,FortRock,SilverFR,42.94698205,-121.1409043,85,3,255,0.42,0.32,0.033,1552,Forest-Evergreen,39.63,NA,NA,0,0,0,0,0,0,5,0,0,0,0,0,0,0,0,0,0,0,0,0,0,0,0,0,0,0,0,0,0,30,22,0,0
SilverFR-008,FortRock,SilverFR,43.02372515,-121.0876323,96,9,864,0.8,0.64,0.015,1408,Shrub-Scrub,7.39,NA,NA,0,1,0,0,0,0,36,0,0,0,0,0,0,0,0,0,0,0,0,0,0,0,0,0,0,0,0,0,0,0,41,0,0
SilverFR-009,FortRock,SilverFR,43.09653283,-121.0675751,94,4,376,0.9,0.66,0.006,1338,Shrub-Scrub,0,13.43,0,0,0,18,0,0,0,34,0,0,0,0,0,0,0,6,0,0,0,0,0,0,0,0,0,0,0,0,0,0,0,10,0,0
SilverFR-010,FortRock,SilverFR,43.0684493,-121.0885878,45,2,90,0.4,0.3,0.011,1366,Shrub-Scrub,12.96,15.48,0,0,0,0,0,0,0,22,0,0,0,0,0,0,0,0,0,0,0,0,0,0,0,0,0,0,0,0,0,0,0,54,0,0
SilverFR-012,FortRock,SilverFR,43.00084808,-121.092722,100,10,1000,0.7,0.52,0.002,1435,Forest-Evergreen,43.88,NA,NA,0,0,0,0,0,0,24,0,0,0,0,0,0,0,12,0,0,0,0,0,0,0,0,0,0,0,0,0,0,0,7,0,0
SilverFR-013,FortRock,SilverFR,43.03111444,-121.1047342,60,2,120,0.31,0.21,0.013,1423,Forest-Evergreen,40.51,NA,NA,0,0,0,0,0,0,33,0,0,0,0,0,0,0,0,0,0,0,0,0,0,0,0,0,0,0,0,0,0,4,240,0,0
SilverFR-014,FortRock,SilverFR,43.07531612,-121.0835225,60,2,120,0.5,0.35,0.011,1355,Shrub-Scrub,0,12.82,0,0,9,0,0,0,0,28,0,0,0,0,0,0,0,0,0,0,0,0,0,0,0,0,0,0,0,0,0,0,0,59,0,0
SilverFR-015,FortRock,SilverFR,43.02532928,-121.1104721,90,2,180,0.4,0.28,0.009,1430,Forest-Evergreen,30.34,NA,NA,0,0,0,0,0,0,30,0,0,0,0,0,0,0,0,0,0,0,0,0,0,0,0,0,0,0,0,0,0,10,252,0,0
SilverFR-018,FortRock,SilverFR,43.04580764,-121.0948283,75,4,300,0.5,0.33,0.012,1403,Forest-Evergreen,2.38,NA,NA,0,0,0,0,0,0,4,0,0,0,0,0,0,0,0,0,0,0,0,0,0,0,0,0,0,0,0,0,0,0,81,0,0
SilverFR-020,FortRock,SilverFR,43.00094537,-121.1379894,75,3,225,0.58,0.48,0.016,1474,Herbaceous-Grassland,25.25,NA,NA,0,0,0,0,0,0,17,0,0,0,0,0,0,0,0,0,0,0,0,0,0,0,0,0,0,0,0,0,0,36,0,0,0
SilverFR-021,FortRock,SilverFR,43.11868062,-121.0673697,NA,NA,NA,NA,NA,0,1325,Wetlands-Woody,0,NA,NA,0,0,7,0,0,0,42,0,0,0,0,0,0,0,2,0,0,0,0,0,0,0,0,0,0,0,0,0,0,0,11,0,0
SilverFR-023,FortRock,SilverFR,42.94241329,-121.1624421,35,2,70,0.33,0.29,0.022,1618,Herbaceous-Grassland,30.32,NA,NA,0,0,0,0,0,0,0,0,0,0,0,0,0,0,0,0,0,0,0,0,0,0,0,0,0,0,0,0,0,27,0,0,0
Drews-001,Goose,Drews,42.23858003,-120.6219814,38,1,38,0.25,0.21,0.164,1930,Forest-Evergreen,61.53,NA,NA,0,0,0,0,0,0,0,0,0,0,0,0,0,0,0,0,0,0,0,0,0,0,0,0,0,0,0,0,0,0,0,0,0
Drews-004,Goose,Drews,42.15943769,-120.7573542,61,3,183,0.45,0.28,0.002,1520,Shrub-Scrub,0,20.24,0,0,0,0,0,0,0,132,0,2,0,0,0,8,20,1,0,0,0,0,0,0,0,0,3,0,0,17,0,0,0,0,0,0
Drews-006,Goose,Drews,42.31257979,-120.7290756,60,3,180,0.4,0.32,0.03,1689,Forest-Evergreen,50.03,NA,NA,0,0,0,0,0,0,0,0,20,0,0,0,0,0,0,0,0,0,24,0,0,0,0,0,0,0,0,0,0,0,30,0,0
Drews-009,Goose,Drews,42.21495409,-120.7654696,100,3,300,1.4,0.81,0.006,1530,Forest-Evergreen,39.46,NA,NA,0,0,0,0,0,0,280,0,0,0,0,0,0,20,0,0,0,0,0,0,0,0,0,0,0,0,126,0,0,0,1,0,0
Drews-010,Goose,Drews,42.33348988,-120.7023855,94,2,188,0.4,0.28,0.033,1803,Forest-Evergreen,39.13,NA,NA,0,0,0,0,0,0,0,0,33,1,0,1,0,0,0,0,0,0,0,0,0,0,0,0,0,0,0,0,0,0,114,0,0
Drews-012,Goose,Drews,42.12795138,-120.7762015,90,3,270,0.3,0.19,0.016,1548,Forest-Evergreen,31.16,11.05,0,0,0,0,0,0,0,230,0,0,0,0,0,3,3,6,0,0,0,0,0,0,0,0,3,0,0,7,0,0,0,0,0,0
Drews-015,Goose,Drews,42.15017517,-120.7640351,38,1,38,0.4,0.25,0.002,1525,Shrub-Scrub,0,35.76,0,0,0,3,0,0,0,90,0,0,0,2,0,9,20,0,0,0,0,0,0,0,0,0,8,0,0,15,0,0,0,0,0,0
Drews-016,Goose,Drews,42.28510554,-120.7718324,50,1,50,0.45,0.3,0.007,1598,Forest-Evergreen,46.29,NA,NA,0,0,0,0,0,0,133,0,0,0,0,0,0,0,0,0,0,0,0,0,0,0,0,0,0,0,0,0,0,0,0,0,0
Drews-017,Goose,Drews,42.21357856,-120.6201458,46,1,46,0.3,0.24,0.06,1651,Forest-Evergreen,31.13,NA,NA,0,0,0,0,0,0,0,0,0,0,0,0,0,0,0,0,0,0,0,0,0,0,0,0,0,0,0,0,0,0,47,0,0
Drews-018,Goose,Drews,42.27633415,-120.7612035,101,2,202,0.7,0.38,0.043,1558,Forest-Evergreen,62.44,NA,NA,0,0,0,0,0,0,14,0,0,0,0,0,0,0,0,0,0,0,0,0,0,0,0,0,0,0,0,0,0,0,17,0,0
Drews-019,Goose,Drews,42.09946173,-120.6845079,70,2,140,0.6,0.27,0.011,1534,Shrub-Scrub,0,11.89,3.7,0,0,0,0,0,0,20,0,0,0,0,0,0,0,3,0,2,0,0,0,0,0,0,0,0,0,3,0,0,0,0,0,0
Drews-020,Goose,Drews,42.15414235,-120.7661223,101,4,404,0.75,0.55,0.003,1523,Shrub-Scrub,0,57.63,0.71,0,0,0,0,0,0,305,0,1,0,0,0,5,21,20,0,0,0,0,0,0,0,0,1,0,0,20,0,0,0,0,0,0
Drews-021,Goose,Drews,42.21829404,-120.6178122,46,1,46,0.4,0.26,0.059,1681,Shrub-Scrub,31.25,NA,NA,0,0,0,0,0,0,1,0,0,0,0,0,0,1,0,0,0,0,0,0,0,0,0,0,0,0,0,0,0,0,46,0,0
Drews-022,Goose,Drews,42.32568467,-120.7182886,88,2,176,0.5,0.36,0.021,1758,Shrub-Scrub,9.99,NA,NA,0,0,0,0,0,0,0,0,19,0,1,9,0,0,0,0,0,0,0,0,0,0,0,0,0,0,0,0,0,0,16,0,0
Drews-024,Goose,Drews,42.16663276,-120.7339665,15,3,45,0.4,0.2,0.003,1512,Forest-Evergreen,28.53,NA,NA,0,0,0,0,0,0,92,0,0,0,0,0,1,13,0,0,0,0,0,0,0,0,0,0,0,0,3,0,0,0,0,0,0
Drews-025,Goose,Drews,42.21551045,-120.758908,55,3,165,0.8,0.37,0.006,1526,Shrub-Scrub,0,23.37,6.33,0,0,0,0,0,0,371,0,0,0,0,0,0,0,20,0,0,0,0,0,0,0,0,0,0,0,23,0,0,0,3,0,0
Drews-026,Goose,Drews,42.33358515,-120.7057927,60,2,120,0.3,0.27,0.029,1792,Forest-Evergreen,26.91,NA,NA,0,0,0,0,0,0,0,0,49,0,0,0,0,0,0,0,0,0,0,0,0,0,0,0,0,0,0,0,0,0,109,0,0
Drews-027,Goose,Drews,42.13897566,-120.6118956,104,2,208,0.7,0.16,0.021,1509,Shrub-Scrub,3.75,21.82,5.38,0,0,0,0,0,0,200,0,0,0,0,0,0,0,0,0,0,0,0,0,0,0,0,0,0,0,0,0,0,0,0,0,0
Drews-029,Goose,Drews,42.26339153,-120.7340797,42,2,84,0.45,0.41,0.004,1515,Wetlands-Emergent,0,NA,NA,0,0,0,0,0,0,34,0,0,0,0,0,0,20,0,0,0,0,0,0,0,0,0,0,0,0,0,0,0,0,0,0,0
Drews-030,Goose,Drews,42.30960938,-120.7056327,43,1,43,0.15,0.07,0.049,1840,Forest-Evergreen,67.56,NA,NA,0,0,0,0,0,0,0,0,0,0,0,0,0,0,0,0,0,0,0,0,0,0,0,0,0,0,0,0,0,0,0,0,0
Drews-031,Goose,Drews,42.14586355,-120.7627589,68,3,204,0.4,0.3,0.002,1527,Shrub-Scrub,0,49.37,2.78,0,0,0,0,0,0,66,0,1,0,0,0,8,20,0,0,0,0,0,0,0,0,0,6,0,0,14,0,0,0,0,0,0
Dry-01,Goose,Dry,42.04622739,-120.6600429,35,2,70,0.8,0.5,0.013,1544,Forest-Evergreen,37.84,NA,NA,0,0,0,0,0,0,39,0,9,0,0,0,0,0,0,0,0,0,0,0,0,0,0,1,0,0,4,0,0,0,0,0,0
Dry-02,Goose,Dry,42.04683415,-120.6597668,40,1,40,0.35,0.28,0.016,1545,Forest-Evergreen,33.99,NA,NA,0,0,0,0,0,0,59,0,11,0,0,0,0,0,0,0,0,0,0,0,0,0,0,0,0,0,0,0,0,0,0,0,0
Dry-05,Goose,Dry,42.03233321,-120.6592482,62,2,124,0.25,0.18,0.005,1530,Forest-Evergreen,34.16,NA,NA,0,0,0,0,0,0,1,0,5,0,0,0,0,0,1,0,0,0,0,0,0,0,0,0,0,0,0,0,0,0,7,0,0
Dry-08,Goose,Dry,42.01262313,-120.6616379,60,2,120,0.6,0.46,0.157,1552,Forest-Evergreen,37.37,14.26,0.07,0,0,0,0,0,0,0,0,0,0,0,0,0,0,0,0,0,0,0,0,0,0,0,0,0,0,0,0,0,0,82,0,0
Dry-09,Goose,Dry,42.02806114,-120.6577623,48,1,48,0.35,0.24,0.007,1526,Forest-Evergreen,35.48,28.75,1.32,0,0,0,0,0,0,191,0,21,0,0,0,0,18,20,0,0,0,0,0,0,0,0,1,0,0,21,0,0,0,3,0,0
Dry-11,Goose,Dry,42.02110374,-120.648718,9,2,18,0.35,0.09,0.004,1519,Shrub-Scrub,0,36.03,8.78,0,0,0,0,0,0,248,0,20,0,0,0,2,2,20,0,0,0,0,0,0,0,0,0,0,0,21,0,0,0,0,0,0
Dry-17,Goose,Dry,42.04191399,-120.6605033,52,2,104,0.6,0.38,0.012,1539,Shrub-Scrub,5.18,63.52,1.5,0,0,0,0,0,0,257,0,21,0,0,0,2,5,0,0,0,0,0,0,0,0,0,0,0,0,34,0,0,0,25,0,0
Dry-21,Goose,Dry,42.03105917,-120.6590413,50,2,100,0.35,0.16,0.004,1529,Forest-Evergreen,35.9,NA,NA,0,0,0,0,0,0,0,0,0,0,0,0,0,0,0,0,0,0,0,0,0,0,0,0,0,0,0,0,0,0,0,0,0
Dry-24,Goose,Dry,42.01050941,-120.6657486,38,1,38,0.35,0.26,0.046,1618,Forest-Evergreen,41.01,NA,NA,0,0,0,0,0,0,0,0,0,0,0,0,0,0,0,0,0,0,0,0,0,0,0,0,0,0,0,0,0,0,0,0,0
Dry-29,Goose,Dry,42.05145664,-120.6532775,54,2,108,0.35,0.21,0.048,1569,Forest-Evergreen,34.46,21.08,0,0,0,0,0,0,0,7,0,0,0,0,0,0,0,0,0,0,0,0,0,0,0,0,0,0,0,0,0,0,0,126,0,0
Dry-33,Goose,Dry,42.03996699,-120.6604177,45,1,45,0.35,0.22,0.006,1536,Shrub-Scrub,13.27,47.34,2.67,0,0,0,0,0,0,100,0,2,0,3,0,0,1,0,0,0,0,0,0,0,0,0,4,0,0,19,0,0,0,1,0,0
Dry-40,Goose,Dry,42.01011452,-120.6706899,30,1,30,0.6,0.26,0.023,1629,Forest-Evergreen,30.1,19.5,1.78,0,0,0,0,0,0,0,0,0,0,0,0,0,0,0,0,0,0,0,0,0,0,0,0,0,0,0,0,0,0,0,0,0
Eastside-003,Goose,Eastside,42.01792345,-120.2463622,53,2,106,0.5,0.36,0.117,1734,Forest-Evergreen,49.16,NA,NA,0,0,0,0,0,0,0,0,0,0,0,0,0,0,0,0,0,0,0,0,0,0,0,0,0,0,0,0,0,0,65,0,0
Eastside-006,Goose,Eastside,42.1282922,-120.2613029,31,1,31,0.25,0.15,0.089,1793,Forest-Evergreen,58.29,NA,NA,0,0,0,0,0,0,0,0,0,0,0,0,0,0,0,0,0,0,0,0,0,0,0,0,0,0,0,0,0,0,12,0,0
Eastside-007,Goose,Eastside,42.11561568,-120.2868137,85,3,255,0.5,0.26,0.029,1541,Forest-Evergreen,29.67,NA,NA,0,0,0,0,0,0,0,0,0,0,0,0,0,0,0,0,0,0,0,0,0,0,0,0,0,0,0,0,0,0,59,0,0
Eastside-010,Goose,Eastside,42.01158916,-120.2828499,111,3,333,0.4,0.23,0.042,1514,Forest-Evergreen,20.57,NA,NA,0,0,0,0,0,0,0,0,0,0,0,0,0,0,0,0,0,0,0,0,0,0,0,0,0,0,0,0,0,0,159,0,0
Eastside-011,Goose,Eastside,42.11681031,-120.2552782,52,2,104,0.6,0.25,0.051,1676,Forest-Evergreen,42.67,NA,NA,0,0,0,0,0,0,0,0,0,0,0,0,0,0,0,0,0,0,0,0,0,0,0,0,0,0,0,0,0,0,38,0,0
Eastside-014,Goose,Eastside,42.01359091,-120.2689257,71,2,142,0.4,0.31,0.052,1579,Forest-Evergreen,44.1,NA,NA,0,0,0,0,0,0,0,0,0,0,0,0,0,0,0,0,0,0,0,0,0,0,0,0,0,0,0,0,0,0,93,0,0
Eastside-019,Goose,Eastside,42.02139929,-120.2403546,78,2,156,0.5,0.31,0.123,1822,Forest-Evergreen,59.14,NA,NA,0,0,0,0,0,0,0,0,0,0,0,0,0,0,0,0,0,0,0,0,0,0,0,0,0,0,0,0,0,0,35,0,0
Eastside-022,Goose,Eastside,42.01046729,-120.2944416,44,2,88,0.2,0.17,0.022,1473,Shrub-Scrub,0,NA,NA,0,0,0,0,0,0,0,0,0,0,0,0,0,0,0,0,0,0,0,0,0,0,0,0,0,0,0,0,0,0,25,0,0
Eastside-023,Goose,Eastside,42.11615978,-120.289258,60,3,180,0.5,0.36,0.037,1530,Forest-Evergreen,34.88,NA,NA,0,0,0,0,0,0,0,0,0,0,0,0,0,0,0,0,0,0,0,0,0,0,0,0,0,0,0,0,0,0,106,0,0
Eastside-026,Goose,Eastside,42.01781223,-120.2477316,58,2,116,0.65,0.41,0.101,1718,Forest-Evergreen,57.21,NA,NA,0,0,0,0,0,0,0,0,0,0,0,0,0,0,0,0,0,0,0,0,0,0,0,0,0,0,0,0,0,0,88,0,0
Eastside-027,Goose,Eastside,42.11403173,-120.260345,32,1,32,0.4,0.28,0.091,1637,Forest-Evergreen,59.86,NA,NA,0,0,0,0,0,0,0,0,0,0,0,0,0,0,0,0,0,0,0,0,0,0,0,0,0,0,0,0,0,0,17,0,0
Eastside-030,Goose,Eastside,42.01375845,-120.2600911,56,2,112,0.35,0.23,0.066,1626,Forest-Evergreen,51.19,NA,NA,0,0,0,0,0,0,0,0,0,0,0,0,0,0,0,0,0,0,0,0,0,0,0,0,0,0,0,0,0,0,83,0,0
Eastside-032,Goose,Eastside,42.06788079,-120.2980102,38,2,76,0.3,0.19,0.085,1523,Forest-Evergreen,33.23,NA,NA,0,0,0,0,0,0,0,0,0,0,0,0,0,0,0,0,0,0,0,0,0,0,0,0,0,0,0,0,0,0,46,0,0
Eastside-035,Goose,Eastside,42.11947503,-120.3061236,63,2,126,0.25,0.17,0.024,1485,Shrub-Scrub,6.92,12.05,3.39,0,0,0,0,0,0,0,0,0,0,0,0,0,0,0,0,0,0,0,0,0,0,0,0,0,0,0,0,0,0,71,0,0
Eastside-038,Goose,Eastside,42.01115724,-120.3038554,30,1,30,0.2,0.15,0.02,1458,Pasture-Hay,0,NA,NA,0,0,0,0,0,0,0,0,0,0,0,0,0,0,0,0,0,0,0,0,0,0,0,0,0,0,0,0,0,0,0,0,0
Eastside-039,Goose,Eastside,42.11671166,-120.2931776,52,2,104,0.4,0.22,0.03,1517,Forest-Evergreen,29.1,NA,NA,0,0,0,0,0,0,0,0,0,0,0,0,0,0,0,0,0,0,0,0,0,0,0,0,0,0,0,0,0,0,44,0,0
Eastside-042,Goose,Eastside,42.01774814,-120.2510675,45,1,45,0.4,0.29,0.09,1694,Forest-Evergreen,58.9,NA,NA,0,0,0,0,0,0,0,0,0,0,0,0,0,0,0,0,0,0,0,0,0,0,0,0,0,0,0,0,0,0,34,0,0
Thomas-Bauers-002,Goose,ThomasBauers,42.30492391,-120.4490458,99,2,198,0.1,0.28,0.018,1552,Forest-Evergreen,54.99,NA,NA,0,0,0,0,0,0,2,0,12,0,4,0,0,0,0,0,0,0,0,0,0,0,0,0,0,0,0,0,0,0,101,0,0
Thomas-Bauers-003,Goose,ThomasBauers,42.33094943,-120.3969955,43,2,86,0.6,0.43,0.012,1506,Wetlands-Emergent,0,71.36,16.2,0,0,0,0,0,0,51,0,9,0,0,2,0,0,0,0,0,0,0,0,0,0,0,0,0,0,0,0,0,0,0,0,0
Thomas-Bauers-004,Goose,ThomasBauers,42.37513301,-120.495757,35,1,35,0.2,0.2,0.057,1965,Forest-Evergreen,51.32,NA,NA,0,0,0,0,0,0,0,0,0,0,0,0,0,0,0,0,0,0,0,0,0,0,0,0,0,0,0,0,0,0,0,0,0
Thomas-Bauers-005,Goose,ThomasBauers,42.27489556,-120.4484391,40,2,80,0.7,0.47,0.005,1474,Shrub-Scrub,0,41.47,0,0,0,0,0,0,0,31,0,4,0,0,0,0,21,0,0,0,0,0,0,0,0,0,2,0,0,10,0,0,0,0,0,0
Thomas-Bauers-006,Goose,ThomasBauers,42.29428073,-120.4804427,34,1,34,0.3,0.23,0.077,1551,Forest-Evergreen,51.92,NA,NA,0,0,0,0,0,0,0,0,0,0,0,0,0,0,0,0,0,0,0,0,0,0,0,0,0,0,0,0,0,0,1,0,0
Thomas-Bauers-008,Goose,ThomasBauers,42.34590723,-120.5666481,4,2,8,0.7,0.73,0.018,1726,Shrub-Scrub,30.09,NA,NA,0,0,0,0,0,0,119,0,0,0,0,0,0,0,0,0,0,0,0,0,0,0,0,0,0,7,2,0,0,0,2,0,0
Thomas-Bauers-009,Goose,ThomasBauers,42.31750408,-120.5585941,18,3,54,0.6,0.17,0.01,1687,Forest-Evergreen,35.54,NA,NA,0,0,0,0,0,0,129,0,15,0,0,0,0,0,0,0,0,0,0,0,0,0,0,0,0,6,0,0,0,0,1,0,0
Thomas-Bauers-010,Goose,ThomasBauers,42.33074155,-120.4713652,34,1,34,0.5,0.42,0.051,1680,Forest-Evergreen,57.82,NA,NA,0,0,0,0,0,0,0,0,4,0,1,0,0,0,0,0,0,0,0,0,0,0,0,0,0,0,0,0,0,0,26,0,0
Thomas-Bauers-011,Goose,ThomasBauers,42.3636667,-120.4173439,99,3,297,0.6,0.38,0.026,1600,Forest-Evergreen,58.64,NA,NA,0,0,0,0,0,0,0,0,15,0,0,7,0,0,0,0,0,0,0,0,0,0,0,0,0,0,0,0,0,0,140,0,0
Thomas-Bauers-012,Goose,ThomasBauers,42.34669771,-120.6236263,84,3,252,0.3,0.21,0.032,1768,Forest-Evergreen,57.19,NA,NA,0,0,0,0,0,0,199,0,1,0,0,0,0,0,0,0,0,0,0,0,0,0,0,0,0,0,0,0,0,0,10,0,0
Thomas-Bauers-013,Goose,ThomasBauers,42.2902455,-120.5146373,106,4,424,0.5,0.34,0.015,1598,Forest-Evergreen,49.85,NA,NA,0,0,0,0,0,0,161,0,2,0,0,3,0,0,0,0,0,0,0,0,0,0,0,0,0,4,7,0,0,0,0,0,0
Thomas-Bauers-015,Goose,ThomasBauers,42.38073064,-120.4522936,39,1,39,0.5,0.21,0.069,1774,Shrub-Scrub,33.11,NA,NA,0,0,0,0,0,0,0,0,0,0,0,0,0,0,0,0,0,0,0,0,0,0,0,0,0,0,0,0,0,0,19,0,0
Thomas-Bauers-016,Goose,ThomasBauers,42.33395784,-120.6490851,44,2,88,0.3,0.22,0.018,1846,Forest-Evergreen,58.67,NA,NA,0,0,0,0,0,0,0,0,0,0,0,0,0,0,0,0,0,0,0,0,0,0,0,0,0,0,0,0,0,0,36,0,0
Thomas-Bauers-018,Goose,ThomasBauers,42.28079997,-120.4543734,51,2,102,0.6,0.35,0.005,1478,Shrub-Scrub,0,44.42,11.8,0,0,0,0,0,0,150,0,4,0,0,1,0,12,0,0,0,0,0,0,0,0,0,0,0,0,7,0,0,0,0,0,0
Thomas-Bauers-019,Goose,ThomasBauers,42.37881895,-120.3913499,65,1,65,0.5,0.29,0.014,1596,Forest-Evergreen,60.56,NA,NA,0,0,0,0,0,0,89,0,15,0,0,3,0,0,0,0,0,0,0,0,0,0,0,0,0,0,0,0,0,0,3,0,0
Thomas-Bauers-020,Goose,ThomasBauers,42.3469734,-120.557502,30,1,30,0.5,0.26,0.027,1743,Forest-Evergreen,28.22,NA,NA,0,0,0,0,0,0,34,0,0,0,0,0,0,0,0,0,0,0,0,0,0,0,0,0,0,0,0,0,0,0,3,0,0
Thomas-Bauers-021,Goose,ThomasBauers,42.25808464,-120.4340125,60,2,120,0.8,0.45,0.003,1466,Pasture-Hay,0,NA,NA,0,0,0,0,0,0,16,0,1,0,0,1,20,0,0,0,0,0,0,0,0,0,0,0,0,0,3,0,0,0,0,0,0
Thomas-Bauers-023,Goose,ThomasBauers,42.36518335,-120.3770755,15,1,15,0.3,0.3,0.064,1565,Forest-Evergreen,37.32,NA,NA,0,0,0,0,0,0,0,0,0,0,0,0,0,0,0,0,0,0,0,0,0,0,0,0,0,0,0,0,0,0,2,0,0
Thomas-Bauers-025,Goose,ThomasBauers,42.30270967,-120.5498007,82,4,328,0.95,0.56,0.006,1671,Forest-Evergreen,44.6,NA,NA,0,0,0,0,0,0,20,0,6,0,0,3,0,0,0,0,0,0,0,0,0,0,0,0,0,22,23,0,0,0,1,0,0
Thomas-Bauers-026,Goose,ThomasBauers,42.31282515,-120.4569044,60,3,180,0.35,0.29,0.023,1579,Forest-Evergreen,36.44,NA,NA,0,0,0,0,0,0,0,0,0,0,1,0,0,0,0,0,0,0,33,0,0,0,0,0,0,0,0,0,0,0,39,0,0
Thomas-Bauers-027,Goose,ThomasBauers,42.34665536,-120.405367,65,2,130,0.35,0.24,0.025,1547,Forest-Evergreen,40.6,NA,NA,0,0,0,0,0,0,0,0,5,0,0,2,0,0,0,0,0,0,0,0,0,0,0,0,0,0,0,0,0,0,87,0,0
Thomas-Bauers-029,Goose,ThomasBauers,42.29341441,-120.4881552,31,1,31,0.22,0.18,0.07,1616,Shrub-Scrub,40.1,NA,NA,0,0,0,0,0,0,0,0,0,0,0,0,0,0,0,0,0,0,0,0,0,0,0,0,0,0,0,0,0,0,8,0,0
West_Goose-001,Goose,WestGoose,42.3071403,-120.6407904,32,1,32,0.05,0.03,0.206,2126,Forest-Evergreen,54.65,NA,NA,0,0,0,0,0,0,0,0,0,0,0,0,0,0,0,0,0,0,0,0,0,0,0,0,0,0,0,0,0,0,0,0,0
West_Goose-002,Goose,WestGoose,42.22715162,-120.5721256,30,1,30,0.2,0.15,0.074,1724,Forest-Evergreen,57.06,NA,NA,0,0,0,0,0,0,0,0,0,0,0,0,0,0,0,0,0,0,0,0,0,0,0,0,0,0,0,0,0,0,0,0,0
West_Goose-003,Goose,WestGoose,42.27457033,-120.5630176,109,4,436,0.8,0.35,0.018,1577,Forest-Evergreen,22.07,NA,NA,0,0,0,0,0,0,83,0,10,0,0,1,11,0,0,0,0,0,0,0,0,0,0,0,0,0,0,0,0,0,81,0,0
West_Goose-004,Goose,WestGoose,42.27949313,-120.5654108,2,1,2,0.3,0.17,0.013,1581,Wetlands-Emergent,0,NA,NA,0,0,0,0,0,0,110,0,0,0,0,0,0,0,0,0,0,0,0,0,0,0,0,0,0,0,0,0,0,0,11,0,0
West_Goose-005,Goose,WestGoose,42.29447266,-120.6444415,30,0.27,8,0.45,0.13,0.071,1967,Forest-Evergreen,43.96,NA,NA,0,0,0,0,0,0,0,0,0,0,0,0,0,0,0,0,0,0,0,0,0,0,0,0,0,0,0,0,0,0,0,0,0
West_Goose-006,Goose,WestGoose,42.21174188,-120.5525829,49,2,98,0.35,0.21,0.069,1583,Forest-Evergreen,30.66,NA,NA,0,0,0,0,0,0,0,0,6,0,0,0,0,0,0,0,0,0,0,0,0,0,0,0,0,0,0,0,0,0,84,0,0
West_Goose-008,Goose,WestGoose,42.26591781,-120.5865085,35,1,35,0.3,0.22,0.107,1760,Forest-Evergreen,58.14,NA,NA,0,0,0,0,0,0,0,0,0,0,0,0,0,0,0,0,0,0,0,0,0,0,0,0,0,0,0,0,0,0,0,0,0
West_Goose-009,Goose,WestGoose,42.28202441,-120.6316381,94,3,282,0.5,0.36,0.07,1837,Forest-Evergreen,57.52,NA,NA,0,0,0,0,0,0,0,0,0,0,0,0,0,0,0,0,0,0,0,0,0,0,0,0,0,0,0,0,0,2,77,0,0
West_Goose-011,Goose,WestGoose,42.1731434,-120.4929469,52,2,104,0.35,0.21,0.002,1461,Pasture-Hay,0,27.82,8.48,0,0,0,0,0,0,144,0,0,0,0,0,0,20,0,0,0,0,0,0,0,0,0,0,0,0,0,0,0,0,0,0,0
West_Goose-012,Goose,WestGoose,42.27665806,-120.5863531,97,3,291,0.95,0.6,0.079,1664,Shrub-Scrub,39.53,NA,NA,0,0,0,0,0,0,0,0,0,0,0,0,0,0,0,0,0,0,0,0,0,0,0,0,0,0,0,0,0,1,97,0,0
West_Goose-013,Goose,WestGoose,42.2367386,-120.5064989,100,4,400,0.6,0.45,0.025,1515,Shrub-Scrub,19.56,NA,NA,0,0,0,0,0,0,40,0,0,0,0,0,16,0,0,0,0,0,0,0,0,0,0,4,0,0,0,0,0,0,243,0,0
West_Goose-014,Goose,WestGoose,42.27376086,-120.5461819,94,3,282,0.6,0.35,0.008,1559,Forest-Evergreen,35.25,NA,NA,0,0,0,0,0,0,223,0,20,0,0,0,19,0,0,0,0,0,0,0,0,0,0,1,0,0,1,0,0,0,48,0,0
West_Goose-016,Goose,WestGoose,42.26417011,-120.6274572,34,1,34,0.2,0.13,0.125,2044,Forest-Evergreen,62.39,NA,NA,0,0,0,0,0,0,0,0,0,0,0,0,0,0,0,0,0,0,0,0,0,0,0,0,0,0,0,0,0,0,0,0,0
West_Goose-017,Goose,WestGoose,42.28276902,-120.6402329,32,1,32,0.15,0.13,0.038,1871,Water,0,NA,NA,0,0,0,0,0,0,0,0,0,0,0,0,0,0,0,0,0,0,0,0,0,0,0,0,0,0,0,0,0,0,25,0,0
West_Goose-018,Goose,WestGoose,42.22325069,-120.5673802,43,1,43,0.35,0.25,0.054,1689,Forest-Evergreen,57.39,NA,NA,0,0,0,0,0,0,0,0,6,0,0,0,0,0,0,0,0,0,0,0,0,0,0,0,0,0,0,0,0,0,43,0,0
West_Goose-019,Goose,WestGoose,42.27133982,-120.5703446,104,4,416,0.65,0.35,0.022,1590,Herbaceous-Grassland,0,NA,NA,0,0,0,0,0,0,118,0,16,0,0,0,0,0,0,0,0,0,0,0,0,0,0,0,0,0,0,0,0,0,172,0,0
West_Goose-020,Goose,WestGoose,42.28133752,-120.5678744,4,2,8,0.6,0.3,0.011,1585,Shrub-Scrub,18.84,NA,NA,0,0,0,0,0,0,35,0,0,0,0,0,0,0,0,0,0,0,0,0,0,0,0,0,0,0,0,0,0,0,0,0,0
West_Goose-021,Goose,WestGoose,42.28214738,-120.6016059,91,3,273,0.9,0.53,0.031,1725,Forest-Evergreen,44.13,NA,NA,0,0,0,0,0,0,0,0,0,0,0,0,1,0,0,0,0,0,0,0,0,0,0,0,0,0,0,0,0,21,184,0,0
West_Goose-025,Goose,WestGoose,42.28179106,-120.6190707,104,4,416,0.5,0.37,0.054,1772,Shrub-Scrub,43,NA,NA,0,0,0,0,0,0,0,0,0,0,0,0,1,0,0,0,0,0,0,0,0,0,0,0,0,0,0,0,0,141,119,0,0
West_Goose-027,Goose,WestGoose,42.17647042,-120.4947767,60,2,120,0.5,0.38,0.002,1462,Shrub-Scrub,0,47.53,10.05,0,0,0,0,0,0,120,0,0,0,0,0,4,21,0,0,0,0,0,0,0,0,0,0,0,0,0,0,0,0,0,0,0
West_Goose-028,Goose,WestGoose,42.27196412,-120.5905337,42,2,84,0.35,0.28,0.218,1736,Forest-Evergreen,57.59,NA,NA,0,0,0,0,0,0,0,0,0,0,0,0,0,0,0,0,0,0,0,0,0,0,0,0,0,0,0,0,0,0,1,0,0
West_Goose-029,Goose,WestGoose,42.23995119,-120.5076328,85,6,510,1,0.65,0.055,1529,Forest-Evergreen,57.03,NA,NA,0,0,0,0,0,0,6,0,0,1,0,0,13,0,0,0,0,0,0,0,0,0,0,1,0,0,0,0,0,0,32,0,0
Blitzen-001,Malheur,Blitzen,42.69195943,-118.6555276,100,3,300,0.32,0.24,0.018,1897,Wetlands-Woody,45.67,33.39,0,0,0,0,0,0,0,0,0,0,0,0,0,0,0,0,0,0,0,0,0,0,0,0,0,0,0,0,0,0,0,27,0,0
Blitzen-002,Malheur,Blitzen,42.66421864,-118.6483485,90,4,360,0.6,0.33,0.02,1927,Shrub-Scrub,24.67,20.18,0,0,0,0,0,0,0,0,0,0,0,0,0,0,0,0,0,0,0,0,0,0,0,0,0,0,0,0,0,0,0,35,0,0
Blitzen-005,Malheur,Blitzen,42.67236327,-118.7191371,90,5,450,0.75,0.52,0.046,1654,Forest-Evergreen,24.24,NA,NA,0,0,0,0,0,0,0,0,0,0,0,0,0,0,0,0,0,0,0,21,0,0,0,0,0,0,0,0,0,0,27,0,0
Blitzen-006,Malheur,Blitzen,42.74635647,-118.7360259,90,4,360,0.55,0.36,0.036,1843,Forest-Evergreen,36.06,NA,NA,0,0,0,0,0,0,0,0,0,0,0,0,0,0,0,0,0,0,0,20,0,0,0,0,0,0,0,0,0,0,0,0,0
Blitzen-007,Malheur,Blitzen,42.57108915,-118.7358586,90,4,360,0.46,0.32,0.005,1747,Shrub-Scrub,0,19.13,3.9,0,0,0,0,0,0,0,0,0,0,0,0,0,0,0,0,0,0,0,35,0,0,0,0,0,0,11,0,0,0,103,0,0
Blitzen-008,Malheur,Blitzen,42.78653281,-118.8662424,110,11,1210,0.85,0.56,0.006,1296,Shrub-Scrub,11.7,24.54,6.56,0,0,0,0,0,0,0,20,0,0,0,0,0,0,0,0,0,0,0,20,0,0,0,0,0,0,0,0,0,0,1,0,0
Blitzen-009,Malheur,Blitzen,42.64822818,-118.6766789,90,2,180,0.6,0.45,0.143,1829,Forest-Evergreen,44.05,NA,NA,0,0,0,0,0,0,0,0,0,0,0,0,0,0,0,0,0,0,0,0,0,0,0,0,0,0,0,0,0,0,0,0,0
East_Burns-001,Malheur,EastBurns,43.81052625,-118.7820106,43,1,43,0.35,0.32,0.007,1637,Shrub-Scrub,2,NA,NA,0,0,0,0,0,0,0,0,0,0,0,0,0,0,0,0,0,0,0,0,0,0,0,0,0,0,0,0,0,0,0,0,0
East_Burns-002,Malheur,EastBurns,43.71784581,-119.0045847,40,1,40,0.39,0.21,0.025,1361,Shrub-Scrub,8.03,19.58,5.28,0,0,0,0,0,0,0,0,0,0,0,0,0,0,0,0,0,0,0,40,0,0,0,0,0,0,0,0,0,0,39,0,0
East_Burns-010,Malheur,EastBurns,43.70658724,-119.0094222,30,1,30,0.25,0.14,0.021,1331,Shrub-Scrub,12.93,NA,NA,0,0,0,0,0,0,0,0,0,0,0,0,0,0,0,0,0,0,0,5,0,0,0,0,0,0,0,0,0,0,6,0,0
McCoy-003,Malheur,McCoy,42.92982905,-118.651163,100,5,500,0.5,0.39,0.028,1420,Shrub-Scrub,10.48,24.25,9.24,0,0,0,0,0,0,0,20,0,0,0,0,0,0,0,0,0,0,0,26,0,0,0,0,0,0,0,0,0,0,36,0,0
McCoy-004,Malheur,McCoy,42.8834415,-118.4836962,31,0.26,8,0.16,0.14,0.029,1883,Shrub-Scrub,23.21,27.81,0,0,0,0,0,0,0,0,0,0,0,0,0,0,0,0,0,0,0,0,0,0,0,0,0,0,0,0,0,0,0,6,0,0
McCoy-009,Malheur,McCoy,42.95001914,-118.6391869,45,1,45,0.53,0.32,0.015,1443,Shrub-Scrub,0,29.93,21.66,0,0,0,0,0,0,0,0,0,0,0,0,0,0,0,0,0,0,0,0,0,0,0,0,0,0,0,0,0,0,13,0,0
McCoy-010,Malheur,McCoy,42.83758714,-118.6058533,100,4,400,0.65,0.51,0.017,1734,Forest-Evergreen,36.01,NA,NA,0,0,0,0,0,0,0,0,0,0,0,0,0,0,0,0,0,0,0,20,0,0,0,0,0,0,0,0,0,0,80,0,0
McCoy-014,Malheur,McCoy,42.87165835,-118.6246356,100,5,500,0.6,0.42,0.024,1619,Forest-Evergreen,37.31,NA,NA,0,0,0,0,0,0,0,0,0,0,0,0,0,0,0,0,0,0,0,20,0,0,0,0,0,0,0,0,0,0,156,0,0
McCoy-020,Malheur,McCoy,42.89642044,-118.4945651,32,1,32,0.41,0.18,0.046,1819,Forest-Evergreen,28.72,22.63,3.16,0,0,0,0,0,0,0,0,0,0,0,0,0,0,0,0,0,0,0,0,0,0,0,0,0,0,0,0,0,0,31,0,0
Riddle-003,Malheur,Riddle,43.08351692,-118.5983445,30,1,30,0.2,0.18,0.002,1292,Pasture-Hay,0,NA,NA,0,0,0,0,0,0,0,11,0,0,0,0,0,0,0,0,0,0,0,0,0,3,0,0,0,0,0,0,0,0,0,0,0
Riddle-004,Malheur,Riddle,42.9749625,-118.4792605,46,1,46,0.33,0.27,0.021,1639,Shrub-Scrub,2.88,26.75,0.7,0,0,0,0,0,0,0,20,0,0,0,0,0,0,0,0,0,0,0,0,0,0,0,0,0,0,0,0,0,0,81,0,0
Riddle-006,Malheur,Riddle,43.03794369,-118.5815091,37,1,37,0.4,0.3,0.01,1328,Shrub-Scrub,0.86,26.04,8.44,0,0,0,0,0,0,0,20,0,0,0,0,0,0,0,0,0,0,0,1,0,20,0,0,0,0,0,0,0,0,8,0,0
Silver-001,Malheur,Silver,43.73460037,-119.6316024,55,2,110,0.88,0.68,0.012,1386,Wetlands-Emergent,17.54,36.85,4.62,0,0,0,0,0,0,0,20,0,0,0,0,0,0,0,0,0,0,0,7,0,20,0,0,0,0,17,0,0,0,19,0,0
Silver-002,Malheur,Silver,43.79204287,-119.649498,68,2,136,0.85,0.64,0.019,1420,Herbaceous-Grassland,9.64,8.98,0,0,0,0,0,0,0,0,21,0,0,0,0,0,0,0,0,0,0,0,22,0,19,0,0,0,0,4,0,0,0,24,0,0
Silver-003,Malheur,Silver,43.92640202,-119.5650086,30,1,30,0.18,0.14,0.048,1751,Forest-Evergreen,48.19,NA,NA,0,0,0,0,0,0,0,0,0,0,0,0,0,0,0,0,0,0,0,0,0,0,0,0,0,0,0,0,0,0,1,0,0
Silver-004,Malheur,Silver,43.78749315,-119.6893026,68,2,136,0.69,0.44,0.01,1453,Forest-Evergreen,52.06,NA,NA,0,0,0,0,0,0,0,20,0,0,0,0,0,0,0,0,0,0,0,0,0,0,0,0,0,0,0,0,0,0,2,0,0
Silver-005,Malheur,Silver,43.72948054,-119.6544221,30,1,30,0.38,0.28,0.002,1401,Shrub-Scrub,4.49,10.78,0,0,0,0,0,0,0,0,0,0,0,0,0,0,0,0,0,0,0,0,12,0,0,0,0,0,0,0,0,0,0,12,0,0
Silver-006,Malheur,Silver,43.82045014,-119.6467134,30,1,30,0.29,0.14,0.015,1471,Forest-Evergreen,36.25,NA,NA,0,0,0,0,0,0,0,0,0,0,0,0,0,0,0,0,0,0,0,0,0,0,0,0,0,0,0,0,0,0,30,0,0
Silvies-0002,Malheur,Silvies,43.81630161,-119.3020942,85,3,255,0.71,0.52,0.004,1372,Forest-Evergreen,29.58,NA,NA,0,0,0,0,0,0,0,24,0,0,0,0,0,0,0,0,0,0,0,0,0,0,0,0,0,0,17,0,0,0,44,0,0
Silvies-0003,Malheur,Silvies,44.06624888,-119.1043894,30,1,30,0.2,0.14,0.033,1634,Forest-Evergreen,59.04,NA,NA,0,0,0,0,0,0,0,0,0,0,0,0,0,0,0,0,0,0,0,0,0,0,0,0,0,0,0,0,0,0,23,0,0
Silvies-0004,Malheur,Silvies,44.10652221,-119.0483165,30,0.27,8,0.15,0.08,0.018,1495,Shrub-Scrub,0,45.76,11.86,0,0,0,0,0,0,0,0,0,0,0,0,0,0,0,0,0,0,0,0,0,0,0,0,0,0,0,0,0,0,0,0,0
Silvies-0005,Malheur,Silvies,43.94728795,-119.0936438,85,3,255,0.45,0.29,0.055,1565,Forest-Evergreen,46.7,NA,NA,0,0,0,0,0,0,0,0,0,0,0,0,0,0,0,0,0,0,0,22,0,0,0,0,0,0,20,0,0,0,98,0,0
Silvies-0007,Malheur,Silvies,44.18177654,-119.225035,30,1,30,0.5,0.46,0.013,1547,Forest-Evergreen,52.33,NA,NA,0,0,0,0,0,0,0,12,0,0,0,0,0,0,0,0,0,0,0,20,0,0,0,0,0,0,0,0,0,0,2,0,0
Silvies-0008,Malheur,Silvies,44.13366781,-118.8404304,30,1,30,0.4,0.32,0.006,1492,Forest-Evergreen,51.42,NA,NA,0,0,0,0,0,0,0,0,0,0,0,0,0,0,0,0,0,0,0,0,0,0,0,0,0,0,1,0,0,0,3,0,0
Silvies-0010,Malheur,Silvies,43.91741128,-119.5297353,32,1,32,0.35,0.25,0.055,1718,Forest-Evergreen,52.57,NA,NA,0,0,0,0,0,0,0,0,0,0,0,0,0,0,0,0,0,0,0,0,0,0,0,0,0,0,0,0,0,0,0,0,0
Silvies-0011,Malheur,Silvies,44.16936196,-119.0733686,50,1,50,0.45,0.34,0.003,1439,Shrub-Scrub,0,55.08,10.01,0,0,0,0,0,0,0,16,0,0,0,0,0,0,0,0,0,0,0,0,0,3,0,0,0,0,0,0,0,0,0,0,0
Silvies-0012,Malheur,Silvies,44.2127571,-118.6946102,100,4,400,0.52,0.36,0.032,1658,Forest-Evergreen,51.89,NA,NA,0,0,0,0,0,0,0,0,0,0,0,0,0,0,0,0,0,0,0,19,0,0,0,0,0,0,0,0,0,48,4,0,0
Silvies-0015,Malheur,Silvies,44.12731513,-118.8750814,30,0.27,8,0.4,0.25,0.002,1471,Forest-Evergreen,41.11,NA,NA,0,0,0,0,0,0,0,0,0,0,0,0,0,0,0,0,0,0,0,14,0,10,0,0,0,0,0,0,0,0,0,0,0
Silvies-0018,Malheur,Silvies,43.87767977,-119.4093969,90,3,270,0.42,0.32,0.005,1510,Forest-Evergreen,46.16,NA,NA,0,0,0,0,0,0,0,20,0,0,0,0,0,0,0,0,0,0,0,0,0,0,0,0,0,0,0,0,0,0,115,0,0
Silvies-0021,Malheur,Silvies,43.94953883,-119.1512971,30,0.27,8,0.18,0.12,0.024,1713,Forest-Evergreen,37.53,NA,NA,0,0,0,0,0,0,0,0,0,0,0,0,0,0,0,0,0,0,0,0,0,0,0,0,0,0,0,0,0,0,2,0,0
Silvies-0022,Malheur,Silvies,43.8890025,-119.4614929,90,3,270,0.42,0.3,0.009,1555,Forest-Evergreen,54.66,NA,NA,0,0,0,0,0,0,0,20,0,0,0,0,0,0,0,0,0,0,0,0,0,0,0,0,0,0,0,0,0,0,168,0,0
Silvies-0034,Malheur,Silvies,43.88051238,-119.3226402,32,2,64,0.78,0.42,0.011,1487,Shrub-Scrub,0,NA,NA,0,0,0,0,0,0,0,25,0,0,0,0,0,0,0,0,0,0,0,0,0,0,0,0,0,0,11,0,0,0,0,0,0
Deep-001,Warner,Deep,42.24168572,-120.2691503,39,1,39,0.35,0.21,0.025,1796,Forest-Evergreen,41.36,NA,NA,0,0,0,0,0,0,0,0,0,0,0,0,0,0,0,0,0,0,0,0,0,0,0,0,0,0,0,0,0,0,81,0,0
Deep-002,Warner,Deep,42.13363389,-120.2272689,50,2,100,0.4,0.26,0.024,1827,Shrub-Scrub,4.35,42.08,2.11,0,0,0,0,0,0,22,0,0,0,0,0,0,0,0,0,0,0,0,0,0,0,0,0,0,0,0,0,0,0,7,0,0
Deep-003,Warner,Deep,42.16134422,-120.0627777,104,5,520,0.3,0.25,0.005,1666,Shrub-Scrub,0,46.65,8.46,0,0,0,0,0,0,15,0,0,0,0,0,0,0,0,0,0,0,0,0,0,0,0,0,0,0,0,0,0,0,2,0,0
Deep-008,Warner,Deep,41.99999691,-120.1764954,104,3,312,0.4,0.3,0.032,2176,Shrub-Scrub,9.1,NA,NA,0,0,0,0,0,0,0,0,0,0,0,0,0,0,0,0,0,0,0,0,0,0,0,0,0,0,0,0,0,0,34,0,0
Deep-009,Warner,Deep,42.21653666,-120.2109223,93,2,186,0.5,0.39,0.003,1694,Wetlands-Woody,0,NA,NA,0,0,0,0,0,0,20,0,0,0,0,0,0,5,0,0,0,0,0,0,0,0,0,0,0,0,0,0,0,0,1,0,0
Deep-010,Warner,Deep,42.13842352,-120.1044557,100,7,700,0.4,0.3,0.001,1675,Forest-Evergreen,34.89,NA,NA,0,0,0,0,0,0,64,0,0,0,0,0,0,0,0,0,0,0,0,0,0,0,0,0,0,0,0,0,0,0,0,0,0
Deep-011,Warner,Deep,42.18179006,-120.0266096,70,7,490,0.85,0.7,0.026,1563,Shrub-Scrub,4.82,NA,NA,0,0,0,0,0,0,0,0,0,0,0,0,0,0,0,0,0,0,0,0,0,0,0,0,0,0,0,0,0,0,26,0,0
Deep-012,Warner,Deep,42.0354446,-120.2026732,50,1,50,0.3,0.24,0.141,1967,Forest-Evergreen,34.86,NA,NA,0,0,0,0,0,0,0,0,0,0,0,0,0,0,0,0,0,0,0,0,0,0,0,0,0,0,0,0,0,0,0,0,0
Deep-014,Warner,Deep,42.20912287,-120.1442637,107,6,642,1,0.73,0,1676,Forest-Evergreen,27.59,NA,NA,0,0,0,0,0,0,18,0,0,0,0,0,0,37,0,0,0,0,0,0,0,0,0,0,0,0,0,0,0,0,2,0,0
Deep-015,Warner,Deep,42.17254587,-119.954774,116,14,1624,1.2,0.69,0.011,1492,Shrub-Scrub,13.66,13.56,0.01,0,0,0,0,0,0,0,0,0,0,0,0,0,0,0,0,0,0,0,0,0,0,0,0,0,0,0,0,0,0,6,0,0
Deep-016,Warner,Deep,42.06309543,-120.1505321,100,4,400,0.6,0.42,0.032,1737,Forest-Evergreen,46.28,NA,NA,0,0,0,0,0,0,4,0,0,0,0,0,0,0,0,0,0,0,0,0,0,0,0,0,0,0,0,0,0,0,185,0,0
Deep-017,Warner,Deep,42.24963016,-120.1719377,101,4,404,0.75,0.46,0.054,1778,Forest-Evergreen,47.96,NA,NA,0,0,0,0,0,0,0,0,0,0,0,0,0,0,0,0,0,0,0,0,0,0,0,0,0,0,0,0,0,19,147,0,0
Deep-018,Warner,Deep,42.14415099,-120.2287095,45,2,90,0.2,0.19,0.036,1892,Forest-Evergreen,41.14,NA,NA,0,0,0,0,0,0,18,0,0,0,0,0,0,0,0,0,0,0,0,0,0,0,0,0,0,0,0,0,0,0,2,0,0
Deep-019,Warner,Deep,42.20105465,-120.0764159,104,5,520,0.9,0.6,0.002,1660,Wetlands-Woody,20.2,NA,NA,0,0,0,0,0,0,51,0,0,0,0,0,0,0,0,0,0,0,0,0,0,0,0,0,0,0,0,0,0,0,2,0,0
Deep-021,Warner,Deep,42.2217838,-120.2488066,50,1,50,0.65,0.39,0.01,1719,Shrub-Scrub,0,63.14,3.65,0,0,0,0,0,0,0,0,0,0,0,0,0,0,0,0,0,0,0,0,0,0,0,0,0,0,0,0,0,0,3,0,0
Deep-022,Warner,Deep,42.12923867,-120.1327838,104,8,832,0.45,0.29,0.004,1682,Forest-Evergreen,36.35,NA,NA,0,0,0,0,0,0,76,0,0,0,0,0,0,0,0,0,0,0,0,0,0,0,0,0,0,0,0,0,0,0,0,0,0
Deep-024,Warner,Deep,42.05994634,-120.2,45,4,180,0.45,0.33,0.12,1952,Forest-Evergreen,44.74,NA,NA,0,0,0,0,0,0,0,0,0,0,0,0,0,0,0,0,0,0,0,0,0,0,0,0,0,0,0,0,0,0,21,0,0
Deep-027,Warner,Deep,42.18869636,-120.053434,129,7,903,0.6,0.43,0.019,1647,Forest-Evergreen,15.76,NA,NA,0,0,0,0,0,0,0,0,0,0,0,0,0,0,0,0,0,0,0,0,0,0,0,0,0,0,0,0,0,0,5,0,0
Deep-103,Warner,Deep,42.17294689,-119.9416335,104,9,936,1.1,0.68,0.024,1452,Shrub-Scrub,9.43,NA,NA,0,0,0,0,0,0,0,0,0,0,0,0,0,0,0,0,0,0,0,0,0,0,0,0,0,0,0,0,0,0,33,0,0
Deep-359,Warner,Deep,42.17272566,-119.9274109,100,11,1100,0.75,0.65,0.029,1424,Shrub-Scrub,10.83,NA,NA,0,0,0,0,0,0,0,0,0,0,0,0,0,0,0,0,0,0,0,0,0,0,0,0,0,0,0,0,0,0,15,0,0
Deep-519,Warner,Deep,42.17333549,-119.9193885,92,11,1012,0.85,0.64,0.016,1408,Shrub-Scrub,1.66,NA,NA,0,0,0,0,0,0,18,0,0,0,0,0,0,0,0,0,0,0,0,0,0,0,0,0,0,0,0,0,0,0,14,0,0
Deep-535,Warner,Deep,42.17248174,-119.9239131,91,10,910,1,0.81,0.023,1416,Shrub-Scrub,13.28,NA,NA,0,0,0,0,0,0,0,0,0,0,0,0,0,0,0,0,0,0,0,0,0,0,0,0,0,0,0,0,0,0,28,0,0
Honey-002,Warner,Honey,42.37317307,-120.1851606,50,2,100,0.45,0.38,0.016,1880,Forest-Evergreen,37.44,NA,NA,0,0,0,0,0,0,0,0,0,0,0,0,0,0,0,0,0,0,0,0,0,0,0,0,0,0,0,0,0,69,13,0,0
Honey-004,Warner,Honey,42.42967032,-120.0120306,89,7,623,1.05,0.73,0.01,1549,Herbaceous-Grassland,0,50.37,19.58,0,0,0,0,0,0,14,0,0,0,0,0,0,0,1,0,0,0,0,0,0,0,0,0,0,0,0,84,0,0,0,0,0
Honey-005,Warner,Honey,42.42040885,-120.1406185,45,2,90,0.45,0.35,0.037,1686,Shrub-Scrub,4.11,10.93,0,0,0,0,0,0,0,0,0,0,0,0,0,0,0,0,0,0,0,0,0,0,0,0,0,0,0,0,0,0,0,94,0,0
Honey-006,Warner,Honey,42.38984404,-120.2051273,34,1,34,0.25,0.17,0.046,2032,Forest-Evergreen,44.75,NA,NA,0,0,0,0,0,0,0,0,0,0,0,0,0,0,0,0,0,0,0,0,0,0,0,0,0,0,0,0,0,0,35,0,0
Honey-009,Warner,Honey,42.42074895,-120.1089669,66,4,264,1.2,0.86,0.018,1624,Shrub-Scrub,0,48.94,11.85,0,0,0,0,0,0,0,0,0,0,0,0,0,0,0,0,0,0,0,0,0,0,0,0,0,0,0,0,0,1,0,0,0
Honey-012,Warner,Honey,42.42367725,-120.1496342,54,3,162,0.4,0.3,0.029,1717,Forest-Evergreen,35.28,NA,NA,0,0,0,0,0,0,0,0,0,0,0,0,0,0,0,0,0,0,0,0,0,0,0,0,0,0,0,0,0,4,61,0,0
Honey-014,Warner,Honey,42.41579315,-119.8968573,94,5,470,0.8,0.57,0.005,1369,Wetlands-Emergent,0,NA,NA,0,0,0,0,0,0,2,0,0,0,0,0,0,0,0,0,0,0,0,0,0,0,0,0,0,0,0,6,0,0,0,0,0
Honey-015,Warner,Honey,42.44820748,-120.054289,113,5,565,1.2,0.91,0.005,1602,Shrub-Scrub,0,12.53,0,0,0,0,0,0,0,0,0,0,0,0,0,0,0,26,0,0,0,0,0,0,0,0,0,0,0,0,3,0,0,0,0,0
Honey-016,Warner,Honey,42.43200066,-120.0945552,8,2,16,0.4,0.32,0.006,1599,Wetlands-Emergent,0,64.49,17.54,0,0,0,0,0,0,8,0,0,0,0,0,0,0,0,0,0,0,0,0,0,0,0,0,0,0,0,0,0,0,0,0,0
Honey-018,Warner,Honey,42.38486412,-120.1746533,73,3,219,0.45,0.31,0.029,1854,Forest-Evergreen,44.2,NA,NA,0,0,0,0,0,0,0,0,0,0,0,0,0,0,0,0,0,0,0,0,0,0,0,0,0,0,0,0,0,43,14,0,0
Honey-021,Warner,Honey,42.41853408,-120.1337035,83,4,332,0.45,0.28,0.021,1662,Shrub-Scrub,9.01,11.64,0,0,0,0,0,0,0,19,0,0,0,0,0,0,0,0,0,0,0,0,0,0,0,0,0,0,0,0,0,0,5,32,0,0
Honey-022,Warner,Honey,42.40862971,-120.1871471,32,2,64,0.35,0.2,0.018,1969,Forest-Evergreen,35.35,NA,NA,0,0,0,0,0,0,0,0,0,0,0,0,0,0,0,0,0,0,0,0,0,0,0,0,0,0,0,0,0,0,8,0,0
Honey-024,Warner,Honey,42.43066098,-119.9409988,94,4,376,0.6,0.46,0.017,1419,Shrub-Scrub,0,9.91,0,0,0,0,0,0,0,114,0,0,0,0,0,0,0,0,0,0,0,0,0,0,0,0,0,0,0,0,0,0,0,6,0,0
Honey-028,Warner,Honey,42.42925462,-120.1591908,98,6,588,0.05,0.01,0.024,1771,Forest-Evergreen,0,25.88,4.95,0,0,0,0,0,0,0,0,0,0,0,0,0,0,0,0,0,0,0,0,0,0,0,0,0,0,0,0,0,0,0,0,0
Honey-029,Warner,Honey,42.35468444,-120.191717,30,0.27,8,0.15,0.11,0.098,2023,Forest-Evergreen,39.83,NA,NA,0,0,0,0,0,0,0,0,0,0,0,0,0,0,0,0,0,0,0,0,0,0,0,0,0,0,0,0,0,0,0,0,0
Honey-030,Warner,Honey,42.41145149,-119.9821701,71,2,142,0.5,0.37,0.055,1502,Shrub-Scrub,0,13.01,2.68,0,0,0,0,0,0,15,0,0,0,0,0,0,0,0,0,0,0,0,0,0,0,0,0,0,0,0,0,0,0,27,0,0
Honey-031,Warner,Honey,42.43877002,-120.0406535,64,2,128,0.35,0.26,0.02,1576,Shrub-Scrub,0,11.74,0,0,0,0,0,0,0,20,0,0,0,0,0,0,0,0,0,0,0,0,0,0,0,0,0,0,0,0,0,0,0,0,0,0
Honey-032,Warner,Honey,42.49947408,-120.0966756,74,2,148,1,0.47,0.027,1645,Shrub-Scrub,0,13.4,0,0,0,0,0,0,0,0,0,0,0,0,0,0,0,0,0,0,0,0,0,0,0,0,0,0,0,0,25,0,0,41,0,0
Honey-040,Warner,Honey,42.42509239,-119.9256666,102,6,612,0.65,0.49,0.015,1392,Shrub-Scrub,0,28.72,8.85,0,0,0,0,0,0,24,0,0,0,0,0,0,0,0,0,0,0,0,0,0,0,0,0,0,0,0,0,0,0,3,0,0
Honey-059,Warner,Honey,42.43767672,-120.0688726,84,3,252,0.95,0.58,0.001,1586,Shrub-Scrub,0,9.71,0,0,0,0,0,0,0,16,0,0,0,0,0,0,0,0,0,0,0,0,0,0,0,0,0,0,0,0,7,0,0,1,0,0
Honey-063,Warner,Honey,42.43077217,-120.0253007,97,5,485,0.6,0.45,0.01,1563,Shrub-Scrub,10.99,14.23,5.36,0,0,0,0,0,0,30,0,0,0,0,0,0,0,0,0,0,0,0,0,0,0,0,0,0,0,0,11,0,0,0,0,0
Honey-072,Warner,Honey,42.42854179,-119.9575522,102,7,714,0.95,0.49,0.015,1442,Shrub-Scrub,0,8.94,0,0,0,0,0,0,0,0,0,0,0,0,0,0,0,0,0,0,0,0,0,0,0,0,0,0,0,0,0,0,0,5,0,0
Honey-095,Warner,Honey,42.44269358,-120.0405538,66,2,132,0.6,0.39,0.018,1587,Shrub-Scrub,0,10.22,0,0,0,0,0,0,0,0,0,0,0,0,0,0,0,7,0,0,0,0,0,0,0,0,0,0,0,0,0,0,0,0,0,0
Honey-107,Warner,Honey,42.437857,-120.0709917,58,2,116,0.4,0.29,0.005,1585,Shrub-Scrub,0,19.69,1.61,0,0,0,0,0,0,0,0,0,0,0,0,0,0,0,0,0,0,0,0,0,0,0,0,0,0,0,6,0,0,0,0,0
Honey-108,Warner,Honey,42.42260651,-120.1044331,67,3,201,1.1,0.56,0.012,1615,Wetlands-Woody,0,64.91,18.46,0,0,0,0,0,0,0,0,0,0,0,0,0,0,0,0,0,0,0,0,0,0,0,0,0,0,0,0,0,0,3,0,0
Honey-119,Warner,Honey,42.41112012,-119.9934919,105,3,315,0.7,0.39,0.021,1526,Shrub-Scrub,0,17.07,0,0,0,0,0,0,0,0,0,0,0,0,0,0,0,0,0,0,0,0,0,0,0,0,0,0,0,0,15,0,0,0,0,0
Honey-122,Warner,Honey,42.4178448,-119.9167858,125,7,875,0.9,0.63,0.009,1380,Shrub-Scrub,0,NA,NA,0,0,0,0,0,0,26,0,0,0,0,0,0,0,0,0,0,0,0,0,0,0,0,0,0,0,0,43,0,0,0,0,0
Honey-127,Warner,Honey,42.43233288,-120.0285333,100,3,300,0.6,0.33,0.006,1564,Shrub-Scrub,0,16.78,5.18,0,0,0,0,0,0,0,0,0,0,0,0,0,0,0,0,0,0,0,0,0,0,0,0,0,0,0,8,0,0,0,0,0
Honey-136,Warner,Honey,42.42865395,-119.9556491,90,3,270,0.7,0.34,0.014,1438,Shrub-Scrub,0,7.69,0,0,0,0,0,0,0,0,0,0,0,0,0,0,0,0,0,0,0,0,0,0,0,0,0,0,0,0,0,0,0,8,0,0
Honey-139,Warner,Honey,42.39854049,-119.9979597,71,3,213,0.3,0.56,0.02,1570,Shrub-Scrub,0,8.19,4.16,0,0,0,0,0,0,0,0,0,0,0,0,0,0,0,0,0,0,0,0,0,0,0,0,0,0,0,0,0,0,0,0,0
Honey-168,Warner,Honey,42.42817735,-119.9296877,102,4,408,0.5,0.35,0.018,1401,Shrub-Scrub,0,20.8,4.55,0,0,0,0,0,0,0,0,0,0,0,0,0,0,0,0,0,0,0,0,0,0,0,0,0,0,0,0,0,0,0,0,0
Honey-171,Warner,Honey,42.43701998,-120.0752369,92,3,276,1.1,0.62,0.004,1586,Shrub-Scrub,6.78,49.39,2.36,0,0,0,0,0,0,0,0,0,0,0,0,0,0,2,0,0,0,0,0,0,0,0,0,0,0,0,11,0,0,0,0,0
Honey-203,Warner,Honey,42.39309053,-120.0036849,75,2,150,0.75,0.53,0.007,1589,Shrub-Scrub,0,13.06,7.74,0,0,0,0,0,0,0,0,0,0,0,0,0,0,0,0,0,0,0,0,0,0,0,0,0,0,0,0,0,0,0,0,0
Honey-216,Warner,Honey,42.4223707,-119.9201071,109,4,436,0.55,0.39,0.01,1384,Shrub-Scrub,0,NA,NA,0,0,0,0,0,0,32,0,0,0,0,0,0,0,0,0,0,0,0,0,0,0,0,0,0,0,0,5,0,0,6,0,0
Honey-220,Warner,Honey,42.42166528,-120.1063846,51,3,153,0.55,0.34,0.014,1618,Wetlands-Emergent,0,59.71,10.63,0,0,0,0,0,0,72,0,0,0,0,0,0,0,0,0,0,0,0,0,0,0,0,0,0,0,0,0,0,0,0,0,0
Honey-222,Warner,Honey,42.41278573,-119.9821118,102,4,408,0.6,0.42,0.024,1496,Shrub-Scrub,0,NA,NA,0,0,0,0,0,0,0,0,0,0,0,0,0,0,0,0,0,0,0,0,0,0,0,0,0,0,0,0,0,0,4,0,0
Honey-223,Warner,Honey,42.43836059,-120.0516627,91,3,273,0.75,0.52,0.001,1581,Shrub-Scrub,0,25.31,7.33,0,0,0,0,0,0,46,0,0,0,0,0,0,0,0,0,0,0,0,0,0,0,0,0,0,0,0,6,0,0,0,0,0
Honey-244,Warner,Honey,42.42748957,-119.9634221,102,5,510,0.55,0.4,0.012,1449,Shrub-Scrub,0,7.75,0,0,0,0,0,0,0,0,0,0,0,0,0,0,0,0,0,0,0,0,0,0,0,0,0,0,0,0,0,0,0,4,0,0
Honey-251,Warner,Honey,42.44902063,-120.0557951,60,2,120,0.46,0.48,0.009,1605,Shrub-Scrub,0,10.99,0,0,0,0,0,0,0,0,0,0,0,0,0,0,0,20,0,0,0,0,0,0,0,0,0,0,0,0,0,0,0,0,0,0
Honey-262,Warner,Honey,42.44755065,-120.0529094,69,3,207,0.7,0.42,0.01,1602,Shrub-Scrub,0,11.21,0,0,0,0,0,0,0,0,0,0,0,0,0,0,0,20,0,0,0,0,0,0,0,0,0,0,0,0,1,0,0,0,0,0
Honey-273,Warner,Honey,42.41845089,-119.9734114,96,5,480,0.9,0.51,0.019,1473,Shrub-Scrub,0,13.01,0,0,0,0,0,0,0,0,0,0,0,0,0,0,0,0,0,0,0,0,0,0,0,0,0,0,0,0,2,0,0,30,0,0
Honey-278,Warner,Honey,42.43838122,-120.0601717,79,3,237,0.65,0.39,0.002,1583,Shrub-Scrub,0,25.81,7.72,0,0,0,0,0,0,0,0,0,0,0,0,0,0,0,0,0,0,0,0,0,0,0,0,0,0,0,2,0,0,0,0,0
Honey-282,Warner,Honey,42.42846569,-119.9531727,98,4,392,0.5,0.36,0.018,1435,Shrub-Scrub,0,15.47,0,0,0,0,0,0,0,0,0,0,0,0,0,0,0,0,0,0,0,0,0,0,0,0,0,0,0,0,0,0,0,0,0,0
Honey-285,Warner,Honey,42.4164555,-119.8987959,83,4,332,1.1,0.56,0.004,1370,Wetlands-Emergent,0,NA,NA,0,0,0,0,0,0,48,0,0,0,0,0,0,0,0,0,0,0,0,0,0,0,0,0,0,0,0,1,0,0,0,0,0
Honey-290,Warner,Honey,42.43000914,-119.9376255,103,6,618,0.65,0.39,0.018,1413,Shrub-Scrub,0,30.51,6.79,0,0,0,0,0,0,0,0,0,0,0,0,0,0,0,0,0,0,0,0,0,0,0,0,0,0,0,0,0,0,4,0,0
Honey-332,Warner,Honey,42.42958154,-119.9476094,111,5,555,1,0.4,0.013,1429,Shrub-Scrub,0,7.51,0,0,0,0,0,0,0,0,0,0,0,0,0,0,0,0,0,0,0,0,0,0,0,0,0,0,0,0,0,0,0,1,0,0
Honey-352,Warner,Honey,42.4334936,-120.0934165,55,1,55,0.2,0.08,0.008,1597,Wetlands-Emergent,0,61.05,10.66,0,0,0,0,0,0,0,0,0,0,0,0,0,0,0,0,0,0,0,0,0,0,0,0,0,0,0,0,0,0,0,0,0
Honey-388,Warner,Honey,42.42316186,-120.1025358,61,2,122,0.7,0.38,0.012,1612,Shrub-Scrub,0,27.89,3.98,0,0,0,0,0,0,29,0,0,0,0,0,0,0,0,0,0,0,0,0,0,0,0,0,0,0,0,0,0,0,0,0,0
Twentymile-001,Warner,Twentymile,42.00386508,-119.9569708,102,9,918,1.3,0.54,0.012,1471,Forest-Evergreen,23.45,NA,NA,0,0,0,0,0,0,0,0,0,0,0,0,0,0,0,0,0,0,0,0,0,0,0,0,0,0,0,2,0,0,121,0,0
Twentymile-002,Warner,Twentymile,42.04211208,-119.9579719,95,6,570,0.55,0.26,0.002,1408,Shrub-Scrub,10.57,18.52,1.61,0,0,0,0,0,0,0,0,0,0,0,0,0,0,0,0,0,0,0,0,0,0,0,0,0,0,0,0,0,0,0,0,0
Twentymile-003,Warner,Twentymile,41.99386257,-120.0180814,70,3,210,0.45,0.36,0.027,1578,Shrub-Scrub,6.21,17.69,0.97,0,0,0,0,0,0,96,0,0,0,0,0,0,0,0,0,0,0,0,0,0,0,0,0,0,0,0,0,0,0,94,0,0
Twentymile-005,Warner,Twentymile,42.01150518,-119.9582306,94,8,752,1.1,0.7,0.012,1456,Forest-Evergreen,18.01,NA,NA,0,0,0,0,0,0,0,0,0,0,0,0,0,0,0,0,0,0,0,0,0,0,0,0,0,0,0,0,0,0,124,0,0
Twentymile-006,Warner,Twentymile,42.01634457,-120.0412068,67,2,134,0.45,0.33,0.039,1702,Shrub-Scrub,0,17.9,0,0,0,0,0,0,0,0,0,0,0,0,0,0,0,0,0,0,0,0,0,0,0,0,0,0,0,0,0,0,0,65,0,0
Twentymile-008,Warner,Twentymile,42.00069782,-120.1217242,30,1,30,0.2,0.17,0.055,2034,Forest-Evergreen,35.49,NA,NA,0,0,0,0,0,0,0,0,0,0,0,0,0,0,0,0,0,0,0,0,0,0,0,0,0,0,0,0,0,0,0,0,0
Twentymile-009,Warner,Twentymile,41.9881524,-119.9680602,90,6,540,1.2,0.54,0.007,1502,Shrub-Scrub,23.27,NA,NA,0,0,0,0,0,0,0,0,0,0,0,0,0,0,0,0,0,0,0,0,0,0,0,0,0,0,0,4,0,0,3,0,0
Twentymile-012,Warner,Twentymile,41.99510348,-120.0884642,75,2,150,0.55,0.34,0.074,1785,Forest-Evergreen,22.68,NA,NA,0,0,0,0,0,0,0,0,0,0,0,0,0,0,0,0,0,0,0,0,0,0,0,0,0,0,0,0,0,0,211,0,0
Twentymile-013,Warner,Twentymile,42.02624046,-119.9595302,108,7,756,0.7,0.4,0.015,1419,Shrub-Scrub,27.91,NA,NA,0,0,0,0,0,0,0,0,0,0,0,0,0,0,0,0,0,0,0,0,0,0,0,0,0,0,0,0,0,0,39,0,0
Twentymile-014,Warner,Twentymile,41.99362539,-119.9896455,120,4,480,0.45,0.3,0.007,1516,Shrub-Scrub,20.91,NA,NA,0,0,0,0,0,0,108,0,0,0,0,0,0,0,0,0,0,0,0,0,0,0,0,0,0,0,0,0,0,0,4,0,0
Twentymile-015,Warner,Twentymile,42.03990445,-119.9941111,33,3,99,1,0.85,0.039,1449,Shrub-Scrub,4.23,24.52,11.89,0,0,0,0,0,0,0,0,0,0,0,0,0,0,0,0,0,0,0,0,0,0,0,0,0,0,0,0,0,0,5,0,0
Twentymile-016,Warner,Twentymile,42.06887936,-119.9630708,95,7,665,0.8,0.47,0,1396,Shrub-Scrub,22.96,26.21,7.07,0,0,0,0,0,0,0,0,0,0,0,0,0,0,0,0,0,0,0,0,0,0,0,0,0,0,0,6,0,0,0,0,0
Twentymile-017,Warner,Twentymile,42.00108468,-119.9586288,118,8,944,0.8,0.49,0.012,1478,Forest-Evergreen,18,NA,NA,0,0,0,0,0,0,23,0,0,0,0,0,0,0,0,0,0,0,0,0,0,0,0,0,0,0,0,0,0,0,156,0,0
Twentymile-018,Warner,Twentymile,42.03806791,-119.9580016,205,13,2665,1.5,0.6,0.01,1411,Forest-Evergreen,15.54,NA,NA,0,0,0,0,0,0,0,0,0,0,0,0,0,0,0,0,0,0,0,0,0,0,0,0,0,0,0,327,0,0,11,0,0
Twentymile-019,Warner,Twentymile,41.9929911,-120.021973,72,3,216,0.65,0.51,0.024,1585,Shrub-Scrub,0,16.16,1.98,0,0,0,0,0,0,87,0,0,0,0,0,0,0,0,0,0,0,0,0,0,0,0,0,0,0,0,0,0,0,29,0,0
Twentymile-021,Warner,Twentymile,41.98759291,-119.9747093,93,5,465,1,0.57,0.007,1504,Forest-Evergreen,23.37,NA,NA,0,0,0,0,0,0,0,0,0,0,0,0,0,0,0,0,0,0,0,0,0,0,0,0,0,0,0,2,0,0,0,0,0
Twentymile-024,Warner,Twentymile,41.99667013,-120.0920023,81,3,243,0.45,0.37,0.087,1813,Shrub-Scrub,20.41,NA,NA,0,0,0,0,0,0,0,0,0,0,0,0,0,0,0,0,0,0,0,0,0,0,0,0,0,0,0,0,0,0,165,0,0
Twentymile-025,Warner,Twentymile,42.01906268,-119.9602477,98,7,686,0.75,0.45,0.016,1439,Shrub-Scrub,2.31,9.55,1.92,0,0,0,0,0,0,1,0,0,0,0,0,0,0,0,0,0,0,0,0,0,0,0,0,0,0,0,1,0,0,51,0,0
Twentymile-026,Warner,Twentymile,41.9976863,-120.0037779,106,8,848,0.5,0.34,0.018,1534,Shrub-Scrub,7.61,23.86,5.41,0,0,0,0,0,0,55,0,0,0,0,0,0,0,0,0,0,0,0,0,0,0,0,0,0,0,0,0,0,0,31,0,0
Twentymile-030,Warner,Twentymile,42.00140734,-120.0211335,50,2,100,0.6,0.39,0.018,1614,Shrub-Scrub,0,17.05,4.18,0,0,0,0,0,0,0,0,0,0,0,0,0,0,0,0,0,0,0,0,0,0,0,0,0,0,0,0,0,0,13,0,0
Twentymile-045,Warner,Twentymile,42.05111301,-119.9665094,97,4,388,0.5,0.27,0.01,1405,Shrub-Scrub,25.27,NA,NA,0,0,0,0,0,0,26,0,0,0,0,0,0,0,0,0,0,0,0,0,0,0,0,0,0,0,0,3,0,0,6,0,0
Twentymile-061,Warner,Twentymile,42.04647072,-119.9635507,92,7,644,0.7,0.4,0.001,1406,Shrub-Scrub,16.14,NA,NA,0,0,0,0,0,0,29,0,0,0,0,0,0,0,0,0,0,0,0,0,0,0,0,0,0,0,0,3,0,0,13,0,0
Twentymile-073,Warner,Twentymile,42.04209984,-119.9914236,66,2,132,0.6,0.46,0.026,1441,Shrub-Scrub,36.1,31.02,14.71,0,0,0,0,0,0,0,0,0,0,0,0,0,0,0,0,0,0,0,0,0,0,0,0,0,0,0,0,0,0,5,0,0
Twentymile-075,Warner,Twentymile,41.99724691,-119.9604308,99,6,594,0.65,0.5,0.02,1484,Forest-Evergreen,14.63,NA,NA,0,0,0,0,0,0,0,0,0,0,0,0,0,0,0,0,0,0,0,0,0,0,0,0,0,0,0,0,0,0,130,0,0
Twentymile-157,Warner,Twentymile,42.0407008,-119.9585708,97,5,485,0.7,0.45,0.002,1408,Shrub-Scrub,19.62,22.92,5.65,0,0,0,0,0,0,19,0,0,0,0,0,0,0,0,0,0,0,0,0,0,0,0,0,0,0,0,2,0,0,7,0,0
Twentymile-172,Warner,Twentymile,42.07140177,-119.9637321,132,11,1452,1.05,0.76,0.002,1396,Wetlands-Woody,21.11,45.29,11.6,0,0,0,0,0,0,0,0,0,0,0,0,0,0,0,0,0,0,0,0,0,0,0,0,0,0,0,1,0,0,1,0,0
